{"cameraMode":{"drawMode":0,"name":"Shaded","section":"Shading Mode"},"sceneLighting":true,"audioPlay":false,"sceneViewState":{"showFog":true,"showMaterialUpdate":false,"showSkybox":true,"showFlares":true,"showImageEffects":true,"showParticleSystems":true},"in2DMode":false,"pivot":{"x":-0.5890073776245117,"y":-16.622325897216798,"z":-51.72972869873047},"rotation":{"x":-0.002401186153292656,"y":0.98881995677948,"z":-0.1482418179512024,"w":-0.016019264236092569},"size":33.51456832885742,"orthographic":false}