{"cameraMode":{"drawMode":0,"name":"Shaded","section":"Shading Mode"},"sceneLighting":false,"audioPlay":false,"sceneViewState":{"showFog":true,"showMaterialUpdate":false,"showSkybox":false,"showFlares":true,"showImageEffects":true,"showParticleSystems":true},"in2DMode":false,"pivot":{"x":5.469184875488281,"y":-0.17951953411102296,"z":-2.4568562507629396},"rotation":{"x":-0.002401186153292656,"y":0.98881995677948,"z":-0.1482418179512024,"w":-0.016019264236092569},"size":0.5934752821922302,"orthographic":true}